{"stats":{"minecraft:picked_up":{"minecraft:iron_axe":1,"minecraft:spruce_leaves":1,"minecraft:iron_leggings":1,"minecraft:iron_chestplate":1,"minecraft:bone":2,"minecraft:arrow":2,"minecraft:rotten_flesh":1,"minecraft:torch":1,"minecraft:wooden_pickaxe":1,"minecraft:spruce_planks":50,"minecraft:iron_helmet":1,"minecraft:lava_bucket":1,"minecraft:iron_ingot":16,"minecraft:stone_pickaxe":2,"minecraft:golden_apple":30,"minecraft:iron_pickaxe":2,"minecraft:shield":1,"minecraft:iron_sword":1,"minecraft:cobblestone":1,"minecraft:iron_boots":1},"minecraft:used":{"minecraft:golden_apple":6,"minecraft:iron_pickaxe":17,"minecraft:spruce_planks":11},"minecraft:crafted":{"minecraft:bone_meal":6,"minecraft:stick":4},"minecraft:custom":{"minecraft:time_since_rest":18900,"minecraft:play_time":18900,"minecraft:damage_taken":394,"minecraft:walk_one_cm":42323,"minecraft:sneak_time":10,"minecraft:mob_kills":1,"minecraft:drop":1,"minecraft:jump":94,"minecraft:damage_dealt":214,"minecraft:time_since_death":18900,"minecraft:total_world_time":18900,"minecraft:interact_with_crafting_table":1,"minecraft:fall_one_cm":5007,"minecraft:fly_one_cm":584},"minecraft:killed":{"minecraft:skeleton":1},"minecraft:mined":{"minecraft:wall_torch":1},"minecraft:dropped":{"minecraft:golden_apple":1}},"DataVersion":3465}