{"stats":{"minecraft:picked_up":{"minecraft:spruce_leaves":1,"minecraft:iron_chestplate":1,"minecraft:oak_fence":3,"minecraft:torch":1,"minecraft:wooden_pickaxe":1,"minecraft:lava_bucket":1,"minecraft:tuff":1,"minecraft:shield":1,"minecraft:iron_axe":1,"minecraft:iron_leggings":1,"minecraft:arrow":2,"minecraft:bone":2,"minecraft:rotten_flesh":1,"minecraft:diamond":3,"minecraft:cobbled_deepslate":30,"minecraft:spruce_planks":50,"minecraft:iron_helmet":1,"minecraft:iron_ingot":16,"minecraft:stone_pickaxe":2,"minecraft:golden_apple":30,"minecraft:iron_pickaxe":2,"minecraft:iron_sword":1,"minecraft:iron_boots":1,"minecraft:cobblestone":8},"minecraft:used":{"minecraft:iron_pickaxe":58,"minecraft:spruce_planks":17,"minecraft:iron_sword":2,"minecraft:golden_apple":6,"minecraft:cobbled_deepslate":16},"minecraft:crafted":{"minecraft:crafting_table":1,"minecraft:stick":4,"minecraft:bone_meal":6},"minecraft:custom":{"minecraft:time_since_rest":36138,"minecraft:damage_taken":452,"minecraft:walk_one_cm":131156,"minecraft:mob_kills":1,"minecraft:drop":2,"minecraft:damage_dealt":283,"minecraft:interact_with_crafting_table":1,"minecraft:fly_one_cm":614,"minecraft:play_time":36138,"minecraft:sneak_time":14,"minecraft:jump":229,"minecraft:leave_game":1,"minecraft:time_since_death":36138,"minecraft:walk_on_water_one_cm":830,"minecraft:total_world_time":36138,"minecraft:fall_one_cm":5216},"minecraft:killed":{"minecraft:skeleton":1},"minecraft:dropped":{"minecraft:iron_sword":1,"minecraft:golden_apple":1},"minecraft:mined":{"minecraft:tuff":1,"minecraft:deepslate_diamond_ore":2,"minecraft:cobbled_deepslate":1,"minecraft:oak_fence":3,"minecraft:wall_torch":2,"minecraft:deepslate":32}},"DataVersion":3465}