{"stats":{"minecraft:picked_up":{"minecraft:lava_bucket":1,"minecraft:iron_ingot":1,"minecraft:stone_pickaxe":1,"minecraft:iron_chestplate":1,"minecraft:iron_leggings":1,"minecraft:iron_pickaxe":2,"minecraft:iron_boots":1,"minecraft:cobblestone":1,"minecraft:iron_helmet":1},"minecraft:custom":{"minecraft:jump":13,"minecraft:time_since_rest":6900,"minecraft:play_time":6900,"minecraft:damage_taken":20,"minecraft:time_since_death":6900,"minecraft:walk_one_cm":7043,"minecraft:sneak_time":7,"minecraft:total_world_time":6900,"minecraft:fall_one_cm":335,"minecraft:fly_one_cm":40}},"DataVersion":3465}