{"stats":{"minecraft:picked_up":{"minecraft:dirt":12,"minecraft:string":1,"minecraft:iron_chestplate":1},"minecraft:used":{"minecraft:dirt":12,"minecraft:crafting_table":1},"minecraft:crafted":{"minecraft:spruce_planks":4},"minecraft:custom":{"minecraft:time_since_rest":9774,"minecraft:crouch_one_cm":2537,"minecraft:sprint_one_cm":18202,"minecraft:play_time":16027,"minecraft:deaths":2,"minecraft:damage_taken":200,"minecraft:walk_one_cm":29986,"minecraft:sneak_time":930,"minecraft:mob_kills":1,"minecraft:drop":12,"minecraft:jump":218,"minecraft:damage_dealt":187,"minecraft:leave_game":1,"minecraft:time_since_death":9741,"minecraft:total_world_time":16027,"minecraft:interact_with_crafting_table":2,"minecraft:fall_one_cm":6328,"minecraft:fly_one_cm":31868,"minecraft:player_kills":1},"minecraft:killed":{"minecraft:spider":1},"minecraft:mined":{"minecraft:grass_block":7,"minecraft:dirt":5,"minecraft:spruce_leaves":1,"minecraft:powder_snow":16},"minecraft:dropped":{"minecraft:iron_helmet":1,"minecraft:lava_bucket":1,"minecraft:cobblestone":1,"minecraft:iron_leggings":1,"minecraft:iron_ingot":1,"minecraft:stone_pickaxe":1,"minecraft:iron_pickaxe":2,"minecraft:string":1,"minecraft:iron_chestplate":2,"minecraft:iron_boots":1}},"DataVersion":3465}