{"stats":{"minecraft:picked_up":{"minecraft:string":1,"minecraft:dirt":8},"minecraft:used":{"minecraft:dirt":8},"minecraft:custom":{"minecraft:time_since_rest":1559,"minecraft:play_time":7812,"minecraft:crouch_one_cm":1093,"minecraft:sprint_one_cm":13178,"minecraft:walk_one_cm":13092,"minecraft:damage_taken":170,"minecraft:deaths":2,"minecraft:sneak_time":298,"minecraft:mob_kills":1,"minecraft:drop":1,"minecraft:jump":135,"minecraft:damage_dealt":177,"minecraft:leave_game":1,"minecraft:time_since_death":1526,"minecraft:total_world_time":7812,"minecraft:fly_one_cm":26674,"minecraft:fall_one_cm":4890,"minecraft:player_kills":1},"minecraft:killed":{"minecraft:spider":1},"minecraft:dropped":{"minecraft:string":1},"minecraft:mined":{"minecraft:grass_block":7,"minecraft:dirt":1,"minecraft:spruce_leaves":1}},"DataVersion":3465}