{"stats":{"minecraft:picked_up":{"minecraft:iron_chestplate":1,"minecraft:crafting_table":1,"minecraft:tuff":14,"minecraft:shield":1,"minecraft:dirt":15,"minecraft:string":3,"minecraft:cobbled_deepslate":53,"minecraft:raw_gold":7,"minecraft:spruce_planks":3,"minecraft:oak_planks":3,"minecraft:oak_fence":3,"minecraft:torch":1,"minecraft:redstone":23,"minecraft:rotten_flesh":6,"minecraft:diamond":8,"minecraft:cobblestone":20},"minecraft:used":{"minecraft:spruce_planks":70,"minecraft:shield":1,"minecraft:iron_sword":21,"minecraft:golden_apple":9,"minecraft:torch":43,"minecraft:dirt":12,"minecraft:crafting_table":2,"minecraft:iron_axe":18,"minecraft:iron_pickaxe":123,"minecraft:cobblestone":2,"minecraft:cobbled_deepslate":15},"minecraft:crafted":{"minecraft:crafting_table":1,"minecraft:spruce_planks":260,"minecraft:iron_sword":2,"minecraft:air":0,"minecraft:shield":2,"minecraft:iron_axe":2,"minecraft:stick":8,"minecraft:iron_ingot":2},"minecraft:killed_by":{"minecraft:player":1},"minecraft:custom":{"minecraft:interact_with_furnace":2,"minecraft:mob_kills":7,"minecraft:interact_with_crafting_table":7,"minecraft:leave_game":1,"minecraft:time_since_death":2211,"minecraft:time_since_rest":2240,"minecraft:sprint_one_cm":28869,"minecraft:walk_one_cm":155667,"minecraft:damage_taken":1355,"minecraft:damage_absorbed":205,"minecraft:damage_blocked_by_shield":85,"minecraft:drop":114,"minecraft:damage_dealt":1534,"minecraft:fly_one_cm":123489,"minecraft:player_kills":3,"minecraft:crouch_one_cm":24217,"minecraft:play_time":45265,"minecraft:deaths":3,"minecraft:sneak_time":7525,"minecraft:jump":520,"minecraft:walk_on_water_one_cm":512,"minecraft:total_world_time":45265,"minecraft:fall_one_cm":12757},"minecraft:killed":{"minecraft:spider":1,"minecraft:zombie":5},"minecraft:mined":{"minecraft:deepslate_redstone_ore":5,"minecraft:tuff":9,"minecraft:spruce_planks":3,"minecraft:deepslate_diamond_ore":9,"minecraft:powder_snow":16,"minecraft:oak_fence":3,"minecraft:crafting_table":1,"minecraft:grass_block":8,"minecraft:sculk_sensor":2,"minecraft:cobblestone":17,"minecraft:spruce_leaves":1,"minecraft:deepslate_gold_ore":7,"minecraft:oak_planks":3,"minecraft:fire":3,"minecraft:cobbled_deepslate":1,"minecraft:dirt":7,"minecraft:cobweb":2,"minecraft:stone":11,"minecraft:deepslate":54},"minecraft:dropped":{"minecraft:iron_ingot":16,"minecraft:iron_sword":1,"minecraft:cobblestone":1,"minecraft:iron_helmet":1,"minecraft:rotten_flesh":3,"minecraft:iron_boots":1,"minecraft:golden_apple":29,"minecraft:spruce_leaves":1,"minecraft:lava_bucket":1,"minecraft:shield":2,"minecraft:spruce_planks":50,"minecraft:iron_chestplate":2,"minecraft:iron_leggings":1,"minecraft:iron_axe":1,"minecraft:stone_pickaxe":1,"minecraft:iron_pickaxe":2,"minecraft:string":1}},"DataVersion":3465}