{"stats":{"minecraft:picked_up":{"minecraft:crafting_table":1,"minecraft:iron_chestplate":1,"minecraft:shield":1,"minecraft:string":1,"minecraft:dirt":15,"minecraft:rotten_flesh":3,"minecraft:cobbled_deepslate":3,"minecraft:cobblestone":11},"minecraft:used":{"minecraft:iron_axe":1,"minecraft:iron_pickaxe":23,"minecraft:spruce_planks":23,"minecraft:torch":27,"minecraft:golden_apple":4,"minecraft:dirt":12,"minecraft:cobblestone":2,"minecraft:crafting_table":2},"minecraft:crafted":{"minecraft:shield":2,"minecraft:iron_axe":2,"minecraft:crafting_table":1,"minecraft:spruce_planks":260,"minecraft:stick":8,"minecraft:iron_ingot":2,"minecraft:iron_sword":2,"minecraft:air":0},"minecraft:custom":{"minecraft:time_since_rest":21774,"minecraft:interact_with_furnace":2,"minecraft:sprint_one_cm":26460,"minecraft:damage_absorbed":85,"minecraft:damage_taken":533,"minecraft:walk_one_cm":57285,"minecraft:mob_kills":3,"minecraft:drop":114,"minecraft:damage_dealt":533,"minecraft:player_kills":1,"minecraft:interact_with_crafting_table":7,"minecraft:fly_one_cm":46357,"minecraft:crouch_one_cm":11769,"minecraft:play_time":28027,"minecraft:deaths":2,"minecraft:sneak_time":4075,"minecraft:jump":365,"minecraft:leave_game":1,"minecraft:time_since_death":21741,"minecraft:total_world_time":28027,"minecraft:fall_one_cm":12012},"minecraft:killed":{"minecraft:zombie":1,"minecraft:spider":1},"minecraft:mined":{"minecraft:powder_snow":16,"minecraft:crafting_table":1,"minecraft:grass_block":8,"minecraft:sculk_sensor":1,"minecraft:dirt":7,"minecraft:cobblestone":1,"minecraft:spruce_leaves":1,"minecraft:stone":11,"minecraft:deepslate":3},"minecraft:dropped":{"minecraft:spruce_leaves":1,"minecraft:lava_bucket":1,"minecraft:iron_ingot":16,"minecraft:iron_sword":1,"minecraft:shield":2,"minecraft:spruce_planks":50,"minecraft:iron_chestplate":2,"minecraft:rotten_flesh":3,"minecraft:iron_helmet":1,"minecraft:cobblestone":1,"minecraft:iron_leggings":1,"minecraft:iron_boots":1,"minecraft:iron_axe":1,"minecraft:stone_pickaxe":1,"minecraft:iron_pickaxe":2,"minecraft:string":1,"minecraft:golden_apple":29}},"DataVersion":3465}