{"stats":{"minecraft:picked_up":{"minecraft:crafting_table":1,"minecraft:raw_iron":34,"minecraft:feather":1,"minecraft:chicken":1,"minecraft:andesite":1,"minecraft:torch":1,"minecraft:spruce_log":11,"minecraft:string":1,"minecraft:gray_wool":1,"minecraft:light_gray_wool":1,"minecraft:glow_berries":9,"minecraft:black_wool":1,"minecraft:mutton":6,"minecraft:coal":9,"minecraft:rail":1,"minecraft:white_wool":1,"minecraft:cobblestone":78,"minecraft:furnace":1},"minecraft:used":{"minecraft:iron_axe":6,"minecraft:stone_pickaxe":8,"minecraft:iron_pickaxe":102,"minecraft:spruce_planks":20,"minecraft:wooden_pickaxe":17,"minecraft:glow_berries":18,"minecraft:cobblestone":1,"minecraft:crafting_table":1,"minecraft:furnace":1},"minecraft:crafted":{"minecraft:iron_axe":1,"minecraft:crafting_table":1,"minecraft:spruce_planks":44,"minecraft:stick":12,"minecraft:wooden_pickaxe":1,"minecraft:iron_ingot":8,"minecraft:iron_pickaxe":1,"minecraft:stone_pickaxe":1,"minecraft:furnace":1,"minecraft:air":0},"minecraft:killed_by":{"minecraft:player":1},"minecraft:custom":{"minecraft:time_since_rest":11537,"minecraft:interact_with_furnace":10,"minecraft:sprint_one_cm":93013,"minecraft:damage_taken":480,"minecraft:walk_one_cm":22458,"minecraft:drop":5,"minecraft:damage_dealt":154,"minecraft:swim_one_cm":93,"minecraft:interact_with_crafting_table":6,"minecraft:fly_one_cm":50278,"minecraft:crouch_one_cm":12724,"minecraft:play_time":17701,"minecraft:deaths":4,"minecraft:sneak_time":4645,"minecraft:walk_under_water_one_cm":431,"minecraft:jump":364,"minecraft:walk_on_water_one_cm":3109,"minecraft:time_since_death":11505,"minecraft:climb_one_cm":150,"minecraft:total_world_time":17701,"minecraft:fall_one_cm":11898},"minecraft:mined":{"minecraft:furnace":1,"minecraft:iron_ore":34,"minecraft:spruce_log":11,"minecraft:andesite":1,"minecraft:crafting_table":1,"minecraft:cave_vines_plant":3,"minecraft:coal_ore":9,"minecraft:vine":1,"minecraft:rail":1,"minecraft:spruce_leaves":6,"minecraft:stone":81,"minecraft:wall_torch":1},"minecraft:dropped":{"minecraft:gray_wool":1,"minecraft:spruce_planks":5,"minecraft:chicken":1,"minecraft:feather":1,"minecraft:white_wool":1}},"DataVersion":3465}