{"stats":{"minecraft:picked_up":{"minecraft:crafting_table":2,"minecraft:feather":1,"minecraft:chicken":1,"minecraft:andesite":1,"minecraft:wooden_pickaxe":1,"minecraft:tuff":6,"minecraft:oak_log":2,"minecraft:string":1,"minecraft:cobbled_deepslate":6,"minecraft:stone_pickaxe":1,"minecraft:light_gray_wool":1,"minecraft:furnace":3,"minecraft:raw_iron":49,"minecraft:torch":1,"minecraft:spruce_log":11,"minecraft:gray_wool":1,"minecraft:black_wool":1,"minecraft:glow_berries":9,"minecraft:mutton":6,"minecraft:coal":12,"minecraft:white_wool":1,"minecraft:rail":1,"minecraft:cobblestone":80},"minecraft:used":{"minecraft:stone_pickaxe":8,"minecraft:oak_planks":2,"minecraft:wooden_pickaxe":17,"minecraft:spruce_planks":20,"minecraft:shield":11,"minecraft:glow_berries":18,"minecraft:crafting_table":3,"minecraft:tuff":6,"minecraft:iron_axe":33,"minecraft:bread":2,"minecraft:iron_pickaxe":133,"minecraft:cobblestone":61,"minecraft:furnace":5,"minecraft:andesite":1,"minecraft:cobbled_deepslate":197},"minecraft:crafted":{"minecraft:oak_planks":8,"minecraft:crafting_table":1,"minecraft:spruce_planks":44,"minecraft:wooden_pickaxe":1,"minecraft:iron_helmet":1,"minecraft:furnace":2,"minecraft:air":0,"minecraft:iron_boots":1,"minecraft:iron_chestplate":1,"minecraft:shield":1,"minecraft:iron_axe":1,"minecraft:stick":12,"minecraft:iron_ingot":42,"minecraft:iron_pickaxe":1,"minecraft:stone_pickaxe":1,"minecraft:iron_leggings":1},"minecraft:killed_by":{"minecraft:player":3},"minecraft:custom":{"minecraft:interact_with_furnace":51,"minecraft:mob_kills":1,"minecraft:interact_with_crafting_table":11,"minecraft:leave_game":1,"minecraft:time_since_death":280,"minecraft:climb_one_cm":150,"minecraft:time_since_rest":306,"minecraft:sprint_one_cm":120816,"minecraft:damage_taken":2347,"minecraft:walk_one_cm":44207,"minecraft:damage_blocked_by_shield":491,"minecraft:drop":9,"minecraft:damage_dealt":1060,"minecraft:swim_one_cm":93,"minecraft:player_kills":1,"minecraft:fly_one_cm":96854,"minecraft:crouch_one_cm":23602,"minecraft:play_time":46939,"minecraft:deaths":8,"minecraft:sneak_time":7727,"minecraft:walk_under_water_one_cm":1272,"minecraft:jump":791,"minecraft:walk_on_water_one_cm":3159,"minecraft:total_world_time":46939,"minecraft:fall_one_cm":36557},"minecraft:killed":{"minecraft:zombie":1},"minecraft:dropped":{"minecraft:chicken":1,"minecraft:feather":1,"minecraft:gray_wool":1,"minecraft:spruce_planks":5,"minecraft:stone_pickaxe":2,"minecraft:wooden_pickaxe":2,"minecraft:white_wool":1},"minecraft:mined":{"minecraft:tuff":11,"minecraft:crafting_table":2,"minecraft:cave_vines_plant":3,"minecraft:cobblestone":1,"minecraft:spruce_leaves":6,"minecraft:wall_torch":1,"minecraft:furnace":3,"minecraft:iron_ore":40,"minecraft:spruce_log":11,"minecraft:andesite":1,"minecraft:grass":1,"minecraft:coal_ore":9,"minecraft:oak_log":2,"minecraft:deepslate_iron_ore":9,"minecraft:vine":1,"minecraft:rail":1,"minecraft:stone":81,"minecraft:deepslate":2}},"DataVersion":3465}