{"stats":{"minecraft:picked_up":{"minecraft:gray_wool":1,"minecraft:light_gray_wool":1,"minecraft:black_wool":1,"minecraft:mutton":6,"minecraft:white_wool":1,"minecraft:string":1},"minecraft:killed_by":{"minecraft:player":1},"minecraft:custom":{"minecraft:jump":165,"minecraft:time_since_rest":571,"minecraft:damage_dealt":154,"minecraft:crouch_one_cm":1893,"minecraft:deaths":3,"minecraft:sprint_one_cm":30200,"minecraft:play_time":5701,"minecraft:damage_taken":420,"minecraft:time_since_death":546,"minecraft:walk_one_cm":6618,"minecraft:sneak_time":604,"minecraft:total_world_time":5701,"minecraft:fall_one_cm":8055,"minecraft:fly_one_cm":22151},"minecraft:mined":{"minecraft:spruce_leaves":6}},"DataVersion":3465}